Workbook

Sheet Audit
A1: dataset_id observation_id | B1: observation_id | C1: year | D1: indicator | E1: value | F1: unit | G1: geographic_scope | H1: source_id | I1: data_status | J1: record_type | K1: regenledger_metric | L1: notes | M1: source_institution | N1: source_document | O1: source_url | P1: source_pages | Q1: source_status | R1: source_time_period | S1: source_mapping_status
A2: CHL-BIO-002 | B2: BIO-IND-MSY | C2: threshold (CIFRI 2005) | D2: Maximum Sustainable Yield (fisheries threshold) | E2: 11500 | F2: tonnes/year | G2: Chilika Lagoon | H2: BIO-CDA-001 | I2: OFFICIAL_CDA_THRESHOLD | J2: threshold | L2: Still used by CDA as biodiversity/fisheries sustainability threshold | M2: =_xlfn.XLOOKUP(H2,Source_Register!$A:$A,Source_Register!$B:$B,"NOT_FOUND") -> Chilika Development Authority | N2: =_xlfn.XLOOKUP(H2,Source_Register!$A:$A,Source_Register!$C:$C,"NOT_FOUND") -> CDA Health Report Card 2021-22 | O2: =_xlfn.XLOOKUP(H2,Source_Register!$A:$A,Source_Register!$E:$E,"NOT_FOUND") -> https://www.chilika.com/ | P2: =_xlfn.XLOOKUP(H2,Source_Register!$A:$A,Source_Register!$H:$H,"NOT_FOUND") -> Threshold + Biodiversity + Fishing cat sections | Q2: =_xlfn.XLOOKUP(H2,Source_Register!$A:$A,Source_Register!$L:$L,"NOT_FOUND") -> VERIFIED_PRIMARY | R2: =_xlfn.XLOOKUP(H2,Source_Register!$A:$A,Source_Register!$K:$K,"NOT_FOUND") -> 2021-22 | S2: =IF(OR(M2="NOT_FOUND",N2="NOT_FOUND",O2="NOT_FOUND",P2="NOT_FOUND",Q2="NOT_FOUND",R2="NOT_FOUND"),"NEEDS_REVIEW","MATCHED") -> MATCHED
A3: CHL-BIO-002 | B3: BIO-IND-COMM-SP | C3: threshold | D3: Desired commercial species diversity | E3: 45 | F3: species | G3: Chilika Lagoon | H3: BIO-CDA-001 | I3: OFFICIAL_CDA_THRESHOLD | J3: threshold | L3: Desired condition for commercial species landed | M3: =_xlfn.XLOOKUP(H3,Source_Register!$A:$A,Source_Register!$B:$B,"NOT_FOUND") -> Chilika Development Authority | N3: =_xlfn.XLOOKUP(H3,Source_Register!$A:$A,Source_Register!$C:$C,"NOT_FOUND") -> CDA Health Report Card 2021-22 | O3: =_xlfn.XLOOKUP(H3,Source_Register!$A:$A,Source_Register!$E:$E,"NOT_FOUND") -> https://www.chilika.com/ | P3: =_xlfn.XLOOKUP(H3,Source_Register!$A:$A,Source_Register!$H:$H,"NOT_FOUND") -> Threshold + Biodiversity + Fishing cat sections | Q3: =_xlfn.XLOOKUP(H3,Source_Register!$A:$A,Source_Register!$L:$L,"NOT_FOUND") -> VERIFIED_PRIMARY | R3: =_xlfn.XLOOKUP(H3,Source_Register!$A:$A,Source_Register!$K:$K,"NOT_FOUND") -> 2021-22 | S3: =IF(OR(M2="NOT_FOUND",N2="NOT_FOUND",O2="NOT_FOUND",P2="NOT_FOUND",Q2="NOT_FOUND",R2="NOT_FOUND"),"NEEDS_REVIEW","MATCHED") -> MATCHED
A4: CHL-BIO-002 | B4: BIO-IND-SIZE-MULLET | C4: threshold | D4: Sustainable size – Mugil cephalus (Khainga) | E4: 262-495 | F4: mm TL | G4: Chilika Lagoon | H4: BIO-CDA-001 | I4: OFFICIAL_CDA_THRESHOLD | J4: threshold | M4: =_xlfn.XLOOKUP(H4,Source_Register!$A:$A,Source_Register!$B:$B,"NOT_FOUND") -> Chilika Development Authority | N4: =_xlfn.XLOOKUP(H4,Source_Register!$A:$A,Source_Register!$C:$C,"NOT_FOUND") -> CDA Health Report Card 2021-22 | O4: =_xlfn.XLOOKUP(H4,Source_Register!$A:$A,Source_Register!$E:$E,"NOT_FOUND") -> https://www.chilika.com/ | P4: =_xlfn.XLOOKUP(H4,Source_Register!$A:$A,Source_Register!$H:$H,"NOT_FOUND") -> Threshold + Biodiversity + Fishing cat sections | Q4: =_xlfn.XLOOKUP(H4,Source_Register!$A:$A,Source_Register!$L:$L,"NOT_FOUND") -> VERIFIED_PRIMARY | R4: =_xlfn.XLOOKUP(H4,Source_Register!$A:$A,Source_Register!$K:$K,"NOT_FOUND") -> 2021-22 | S4: =IF(OR(M2="NOT_FOUND",N2="NOT_FOUND",O2="NOT_FOUND",P2="NOT_FOUND",Q2="NOT_FOUND",R2="NOT_FOUND"),"NEEDS_REVIEW","MATCHED") -> MATCHED
A5: CHL-BIO-002 | B5: BIO-IND-SIZE-BAGDA | C5: threshold | D5: Sustainable size – Penaeus monodon (Bagada) | E5: 124-197 | F5: mm | G5: Chilika Lagoon | H5: BIO-CDA-001 | I5: OFFICIAL_CDA_THRESHOLD | J5: threshold | M5: =_xlfn.XLOOKUP(H5,Source_Register!$A:$A,Source_Register!$B:$B,"NOT_FOUND") -> Chilika Development Authority | N5: =_xlfn.XLOOKUP(H5,Source_Register!$A:$A,Source_Register!$C:$C,"NOT_FOUND") -> CDA Health Report Card 2021-22 | O5: =_xlfn.XLOOKUP(H5,Source_Register!$A:$A,Source_Register!$E:$E,"NOT_FOUND") -> https://www.chilika.com/ | P5: =_xlfn.XLOOKUP(H5,Source_Register!$A:$A,Source_Register!$H:$H,"NOT_FOUND") -> Threshold + Biodiversity + Fishing cat sections | Q5: =_xlfn.XLOOKUP(H5,Source_Register!$A:$A,Source_Register!$L:$L,"NOT_FOUND") -> VERIFIED_PRIMARY | R5: =_xlfn.XLOOKUP(H5,Source_Register!$A:$A,Source_Register!$K:$K,"NOT_FOUND") -> 2021-22 | S5: =IF(OR(M2="NOT_FOUND",N2="NOT_FOUND",O2="NOT_FOUND",P2="NOT_FOUND",Q2="NOT_FOUND",R2="NOT_FOUND"),"NEEDS_REVIEW","MATCHED") -> MATCHED
A6: CHL-BIO-002 | B6: BIO-IND-SIZE-CRAB | C6: threshold | D6: Sustainable size – Scylla serrata (Chilika crab) | E6: 85 (min) | F6: mm | G6: Chilika Lagoon | H6: BIO-CDA-001 | I6: OFFICIAL_CDA_THRESHOLD | J6: threshold | M6: =_xlfn.XLOOKUP(H6,Source_Register!$A:$A,Source_Register!$B:$B,"NOT_FOUND") -> Chilika Development Authority | N6: =_xlfn.XLOOKUP(H6,Source_Register!$A:$A,Source_Register!$C:$C,"NOT_FOUND") -> CDA Health Report Card 2021-22 | O6: =_xlfn.XLOOKUP(H6,Source_Register!$A:$A,Source_Register!$E:$E,"NOT_FOUND") -> https://www.chilika.com/ | P6: =_xlfn.XLOOKUP(H6,Source_Register!$A:$A,Source_Register!$H:$H,"NOT_FOUND") -> Threshold + Biodiversity + Fishing cat sections | Q6: =_xlfn.XLOOKUP(H6,Source_Register!$A:$A,Source_Register!$L:$L,"NOT_FOUND") -> VERIFIED_PRIMARY | R6: =_xlfn.XLOOKUP(H6,Source_Register!$A:$A,Source_Register!$K:$K,"NOT_FOUND") -> 2021-22 | S6: =IF(OR(M2="NOT_FOUND",N2="NOT_FOUND",O2="NOT_FOUND",P2="NOT_FOUND",Q2="NOT_FOUND",R2="NOT_FOUND"),"NEEDS_REVIEW","MATCHED") -> MATCHED
A7: CHL-BIO-002 | B7: BIO-IND-GRADE-202122 | C7: 2021-22 | D7: Overall ecosystem health grade | E7: A | F7: letter grade | G7: Chilika Lagoon | H7: BIO-CDA-001 | I7: VERIFIED | J7: observation | L7: 9-indicator index (WQ + Fisheries + Biodiversity) | M7: =_xlfn.XLOOKUP(H7,Source_Register!$A:$A,Source_Register!$B:$B,"NOT_FOUND") -> Chilika Development Authority | N7: =_xlfn.XLOOKUP(H7,Source_Register!$A:$A,Source_Register!$C:$C,"NOT_FOUND") -> CDA Health Report Card 2021-22 | O7: =_xlfn.XLOOKUP(H7,Source_Register!$A:$A,Source_Register!$E:$E,"NOT_FOUND") -> https://www.chilika.com/ | P7: =_xlfn.XLOOKUP(H7,Source_Register!$A:$A,Source_Register!$H:$H,"NOT_FOUND") -> Threshold + Biodiversity + Fishing cat sections | Q7: =_xlfn.XLOOKUP(H7,Source_Register!$A:$A,Source_Register!$L:$L,"NOT_FOUND") -> VERIFIED_PRIMARY | R7: =_xlfn.XLOOKUP(H7,Source_Register!$A:$A,Source_Register!$K:$K,"NOT_FOUND") -> 2021-22 | S7: =IF(OR(M2="NOT_FOUND",N2="NOT_FOUND",O2="NOT_FOUND",P2="NOT_FOUND",Q2="NOT_FOUND",R2="NOT_FOUND"),"NEEDS_REVIEW","MATCHED") -> MATCHED
A8: CHL-BIO-002 | B8: BIO-IND-GRADE-202324 | C8: 2023-24 | D8: Overall ecosystem health grade | E8: B+ | F8: letter grade | G8: Chilika Lagoon | H8: BIO-CDA-002 | I8: VERIFIED | J8: observation | M8: =_xlfn.XLOOKUP(H8,Source_Register!$A:$A,Source_Register!$B:$B,"NOT_FOUND") -> Chilika Development Authority | N8: =_xlfn.XLOOKUP(H8,Source_Register!$A:$A,Source_Register!$C:$C,"NOT_FOUND") -> CDA Health Report Card 2023-24 | O8: =_xlfn.XLOOKUP(H8,Source_Register!$A:$A,Source_Register!$E:$E,"NOT_FOUND") -> https://www.chilika.com/ | P8: =_xlfn.XLOOKUP(H8,Source_Register!$A:$A,Source_Register!$H:$H,"NOT_FOUND") -> Results / grades | Q8: =_xlfn.XLOOKUP(H8,Source_Register!$A:$A,Source_Register!$L:$L,"NOT_FOUND") -> VERIFIED_PRIMARY | R8: =_xlfn.XLOOKUP(H8,Source_Register!$A:$A,Source_Register!$K:$K,"NOT_FOUND") -> 2023-24 | S8: =IF(OR(M2="NOT_FOUND",N2="NOT_FOUND",O2="NOT_FOUND",P2="NOT_FOUND",Q2="NOT_FOUND",R2="NOT_FOUND"),"NEEDS_REVIEW","MATCHED") -> MATCHED
A9: CHL-BIO-002 | B9: BIO-IND-FINFISH | C9: up to 2016 (pub 2018) | D9: Finfish species richness | E9: 336 | F9: species | G9: Chilika Lake | H9: BIO-CDA-003 | I9: HISTORICAL_INVENTORY | J9: historical_observation | L9: 217 genera, 92 families, 23 orders. Do NOT call this 2026 inventory | M9: =_xlfn.XLOOKUP(H9,Source_Register!$A:$A,Source_Register!$B:$B,"NOT_FOUND") -> ICAR-CIFRI & CDA | N9: =_xlfn.XLOOKUP(H9,Source_Register!$A:$A,Source_Register!$C:$C,"NOT_FOUND") -> Fish and Shellfish Diversity and Its Sustainable Management in Chilika Lake | O9: =_xlfn.XLOOKUP(H9,Source_Register!$A:$A,Source_Register!$E:$E,"NOT_FOUND") -> https://www.chilika.com/documents/publication_1564535640.pdf | P9: =_xlfn.XLOOKUP(H9,Source_Register!$A:$A,Source_Register!$H:$H,"NOT_FOUND") -> Checklist + conservation status | Q9: =_xlfn.XLOOKUP(H9,Source_Register!$A:$A,Source_Register!$L:$L,"NOT_FOUND") -> VERIFIED_PRIMARY | R9: =_xlfn.XLOOKUP(H9,Source_Register!$A:$A,Source_Register!$K:$K,"NOT_FOUND") -> up to 2016 (pub 2018) | S9: =IF(OR(M2="NOT_FOUND",N2="NOT_FOUND",O2="NOT_FOUND",P2="NOT_FOUND",Q2="NOT_FOUND",R2="NOT_FOUND"),"NEEDS_REVIEW","MATCHED") -> MATCHED
A10: CHL-BIO-002 | B10: BIO-IND-SHELLFISH | C10: up to 2016 (pub 2018) | D10: Shellfish species richness | E10: 66 | F10: species | G10: Chilika Lake | H10: BIO-CDA-003 | I10: HISTORICAL_INVENTORY | J10: historical_observation | L10: 29 prawn/shrimp + 35 brachyuran crab + 2 lobster | M10: =_xlfn.XLOOKUP(H10,Source_Register!$A:$A,Source_Register!$B:$B,"NOT_FOUND") -> ICAR-CIFRI & CDA | N10: =_xlfn.XLOOKUP(H10,Source_Register!$A:$A,Source_Register!$C:$C,"NOT_FOUND") -> Fish and Shellfish Diversity and Its Sustainable Management in Chilika Lake | O10: =_xlfn.XLOOKUP(H10,Source_Register!$A:$A,Source_Register!$E:$E,"NOT_FOUND") -> https://www.chilika.com/documents/publication_1564535640.pdf | P10: =_xlfn.XLOOKUP(H10,Source_Register!$A:$A,Source_Register!$H:$H,"NOT_FOUND") -> Checklist + conservation status | Q10: =_xlfn.XLOOKUP(H10,Source_Register!$A:$A,Source_Register!$L:$L,"NOT_FOUND") -> VERIFIED_PRIMARY | R10: =_xlfn.XLOOKUP(H10,Source_Register!$A:$A,Source_Register!$K:$K,"NOT_FOUND") -> up to 2016 (pub 2018) | S10: =IF(OR(M2="NOT_FOUND",N2="NOT_FOUND",O2="NOT_FOUND",P2="NOT_FOUND",Q2="NOT_FOUND",R2="NOT_FOUND"),"NEEDS_REVIEW","MATCHED") -> MATCHED
A11: CHL-BIO-002 | B11: BIO-IND-FISHINGCAT | C11: 2021-2022 | D11: Fishing cat (Prionailurus viverrinus) population estimate | E11: 176 | F11: individuals | G11: Chilika Lagoon (marshlands + Parikud + coastal islands) | H11: BIO-CDA-001 | I11: VERIFIED | J11: observation | L11: Globally endangered (EDGE); CDA Ambassador of the lagoon 2020 | M11: =_xlfn.XLOOKUP(H11,Source_Register!$A:$A,Source_Register!$B:$B,"NOT_FOUND") -> Chilika Development Authority | N11: =_xlfn.XLOOKUP(H11,Source_Register!$A:$A,Source_Register!$C:$C,"NOT_FOUND") -> CDA Health Report Card 2021-22 | O11: =_xlfn.XLOOKUP(H11,Source_Register!$A:$A,Source_Register!$E:$E,"NOT_FOUND") -> https://www.chilika.com/ | P11: =_xlfn.XLOOKUP(H11,Source_Register!$A:$A,Source_Register!$H:$H,"NOT_FOUND") -> Threshold + Biodiversity + Fishing cat sections | Q11: =_xlfn.XLOOKUP(H11,Source_Register!$A:$A,Source_Register!$L:$L,"NOT_FOUND") -> VERIFIED_PRIMARY | R11: =_xlfn.XLOOKUP(H11,Source_Register!$A:$A,Source_Register!$K:$K,"NOT_FOUND") -> 2021-22 | S11: =IF(OR(M2="NOT_FOUND",N2="NOT_FOUND",O2="NOT_FOUND",P2="NOT_FOUND",Q2="NOT_FOUND",R2="NOT_FOUND"),"NEEDS_REVIEW","MATCHED") -> MATCHED
A12: CHL-BIO-002 | B12: BIO-IND-BIRDCOUNT-2026 | C12: 2026 | D12: Total bird population / estimation exercise | E12: 1132200 | F12: individuals | G12: Chilika Lagoon | H12: BIO-CDA-006 | I12: VERIFIED_OFFICIAL | J12: observation | L12: Bird COUNT (individuals), not species count. 2026 estimation exercise completed. | M12: =_xlfn.XLOOKUP(H12,Source_Register!$A:$A,Source_Register!$B:$B,"NOT_FOUND") -> Chilika Development Authority | N12: =_xlfn.XLOOKUP(H12,Source_Register!$A:$A,Source_Register!$C:$C,"NOT_FOUND") -> CDA Ecology & Biodiversity / Floral / Faunal pages | O12: =_xlfn.XLOOKUP(H12,Source_Register!$A:$A,Source_Register!$E:$E,"NOT_FOUND") -> https://www.chilika.com/chilika-ecology-and-biodiversity.php | P12: =_xlfn.XLOOKUP(H12,Source_Register!$A:$A,Source_Register!$H:$H,"NOT_FOUND") -> Floral, Faunal, Birds, Dolphins, Seagrass, Fisheries sections | Q12: =_xlfn.XLOOKUP(H12,Source_Register!$A:$A,Source_Register!$L:$L,"NOT_FOUND") -> VERIFIED_OFFICIAL_CONTENT | R12: =_xlfn.XLOOKUP(H12,Source_Register!$A:$A,Source_Register!$K:$K,"NOT_FOUND") -> Various (2011-2026) | S12: =IF(OR(M2="NOT_FOUND",N2="NOT_FOUND",O2="NOT_FOUND",P2="NOT_FOUND",Q2="NOT_FOUND",R2="NOT_FOUND"),"NEEDS_REVIEW","MATCHED") -> MATCHED
A13: CHL-BIO-002 | B13: BIO-IND-AVIFAUNA-222 | C13: 2020 | D13: Avifauna species richness (in/around study area) | E13: 222 | F13: species | G13: Chilika Lake and around | H13: BIO-CDA-006 | I13: VERIFIED_OFFICIAL | J13: historical_observation | L13: 62 orders, 20 families; 9 species first recorded in study area | M13: =_xlfn.XLOOKUP(H13,Source_Register!$A:$A,Source_Register!$B:$B,"NOT_FOUND") -> Chilika Development Authority | N13: =_xlfn.XLOOKUP(H13,Source_Register!$A:$A,Source_Register!$C:$C,"NOT_FOUND") -> CDA Ecology & Biodiversity / Floral / Faunal pages | O13: =_xlfn.XLOOKUP(H13,Source_Register!$A:$A,Source_Register!$E:$E,"NOT_FOUND") -> https://www.chilika.com/chilika-ecology-and-biodiversity.php | P13: =_xlfn.XLOOKUP(H13,Source_Register!$A:$A,Source_Register!$H:$H,"NOT_FOUND") -> Floral, Faunal, Birds, Dolphins, Seagrass, Fisheries sections | Q13: =_xlfn.XLOOKUP(H13,Source_Register!$A:$A,Source_Register!$L:$L,"NOT_FOUND") -> VERIFIED_OFFICIAL_CONTENT | R13: =_xlfn.XLOOKUP(H13,Source_Register!$A:$A,Source_Register!$K:$K,"NOT_FOUND") -> Various (2011-2026) | S13: =IF(OR(M2="NOT_FOUND",N2="NOT_FOUND",O2="NOT_FOUND",P2="NOT_FOUND",Q2="NOT_FOUND",R2="NOT_FOUND"),"NEEDS_REVIEW","MATCHED") -> MATCHED
A14: CHL-BIO-002 | B14: BIO-IND-BIRD-LC | C14: 2020 | D14: Birds – Least Concern | E14: 201 | F14: species | G14: Chilika Lake and around | H14: BIO-CDA-006 | I14: VERIFIED_OFFICIAL | J14: historical_observation | L14: Of total documented species | M14: =_xlfn.XLOOKUP(H14,Source_Register!$A:$A,Source_Register!$B:$B,"NOT_FOUND") -> Chilika Development Authority | N14: =_xlfn.XLOOKUP(H14,Source_Register!$A:$A,Source_Register!$C:$C,"NOT_FOUND") -> CDA Ecology & Biodiversity / Floral / Faunal pages | O14: =_xlfn.XLOOKUP(H14,Source_Register!$A:$A,Source_Register!$E:$E,"NOT_FOUND") -> https://www.chilika.com/chilika-ecology-and-biodiversity.php | P14: =_xlfn.XLOOKUP(H14,Source_Register!$A:$A,Source_Register!$H:$H,"NOT_FOUND") -> Floral, Faunal, Birds, Dolphins, Seagrass, Fisheries sections | Q14: =_xlfn.XLOOKUP(H14,Source_Register!$A:$A,Source_Register!$L:$L,"NOT_FOUND") -> VERIFIED_OFFICIAL_CONTENT | R14: =_xlfn.XLOOKUP(H14,Source_Register!$A:$A,Source_Register!$K:$K,"NOT_FOUND") -> Various (2011-2026) | S14: =IF(OR(M2="NOT_FOUND",N2="NOT_FOUND",O2="NOT_FOUND",P2="NOT_FOUND",Q2="NOT_FOUND",R2="NOT_FOUND"),"NEEDS_REVIEW","MATCHED") -> MATCHED
A15: CHL-BIO-002 | B15: BIO-IND-BIRD-NT | C15: 2020 | D15: Birds – Near Threatened | E15: 17 | F15: species | G15: Chilika Lake and around | H15: BIO-CDA-006 | I15: VERIFIED_OFFICIAL | J15: historical_observation | M15: =_xlfn.XLOOKUP(H15,Source_Register!$A:$A,Source_Register!$B:$B,"NOT_FOUND") -> Chilika Development Authority | N15: =_xlfn.XLOOKUP(H15,Source_Register!$A:$A,Source_Register!$C:$C,"NOT_FOUND") -> CDA Ecology & Biodiversity / Floral / Faunal pages | O15: =_xlfn.XLOOKUP(H15,Source_Register!$A:$A,Source_Register!$E:$E,"NOT_FOUND") -> https://www.chilika.com/chilika-ecology-and-biodiversity.php | P15: =_xlfn.XLOOKUP(H15,Source_Register!$A:$A,Source_Register!$H:$H,"NOT_FOUND") -> Floral, Faunal, Birds, Dolphins, Seagrass, Fisheries sections | Q15: =_xlfn.XLOOKUP(H15,Source_Register!$A:$A,Source_Register!$L:$L,"NOT_FOUND") -> VERIFIED_OFFICIAL_CONTENT | R15: =_xlfn.XLOOKUP(H15,Source_Register!$A:$A,Source_Register!$K:$K,"NOT_FOUND") -> Various (2011-2026) | S15: =IF(OR(M2="NOT_FOUND",N2="NOT_FOUND",O2="NOT_FOUND",P2="NOT_FOUND",Q2="NOT_FOUND",R2="NOT_FOUND"),"NEEDS_REVIEW","MATCHED") -> MATCHED
A16: CHL-BIO-002 | B16: BIO-IND-BIRD-VU | C16: 2020 | D16: Birds – Vulnerable | E16: 2 | F16: species | G16: Chilika Lake and around | H16: BIO-CDA-006 | I16: VERIFIED_OFFICIAL | J16: historical_observation | M16: =_xlfn.XLOOKUP(H16,Source_Register!$A:$A,Source_Register!$B:$B,"NOT_FOUND") -> Chilika Development Authority | N16: =_xlfn.XLOOKUP(H16,Source_Register!$A:$A,Source_Register!$C:$C,"NOT_FOUND") -> CDA Ecology & Biodiversity / Floral / Faunal pages | O16: =_xlfn.XLOOKUP(H16,Source_Register!$A:$A,Source_Register!$E:$E,"NOT_FOUND") -> https://www.chilika.com/chilika-ecology-and-biodiversity.php | P16: =_xlfn.XLOOKUP(H16,Source_Register!$A:$A,Source_Register!$H:$H,"NOT_FOUND") -> Floral, Faunal, Birds, Dolphins, Seagrass, Fisheries sections | Q16: =_xlfn.XLOOKUP(H16,Source_Register!$A:$A,Source_Register!$L:$L,"NOT_FOUND") -> VERIFIED_OFFICIAL_CONTENT | R16: =_xlfn.XLOOKUP(H16,Source_Register!$A:$A,Source_Register!$K:$K,"NOT_FOUND") -> Various (2011-2026) | S16: =IF(OR(M2="NOT_FOUND",N2="NOT_FOUND",O2="NOT_FOUND",P2="NOT_FOUND",Q2="NOT_FOUND",R2="NOT_FOUND"),"NEEDS_REVIEW","MATCHED") -> MATCHED
A17: CHL-BIO-002 | B17: BIO-IND-BIRD-EN | C17: 2020 | D17: Birds – Endangered | E17: 2 | F17: species | G17: Chilika Lake and around | H17: BIO-CDA-006 | I17: VERIFIED_OFFICIAL | J17: historical_observation | M17: =_xlfn.XLOOKUP(H17,Source_Register!$A:$A,Source_Register!$B:$B,"NOT_FOUND") -> Chilika Development Authority | N17: =_xlfn.XLOOKUP(H17,Source_Register!$A:$A,Source_Register!$C:$C,"NOT_FOUND") -> CDA Ecology & Biodiversity / Floral / Faunal pages | O17: =_xlfn.XLOOKUP(H17,Source_Register!$A:$A,Source_Register!$E:$E,"NOT_FOUND") -> https://www.chilika.com/chilika-ecology-and-biodiversity.php | P17: =_xlfn.XLOOKUP(H17,Source_Register!$A:$A,Source_Register!$H:$H,"NOT_FOUND") -> Floral, Faunal, Birds, Dolphins, Seagrass, Fisheries sections | Q17: =_xlfn.XLOOKUP(H17,Source_Register!$A:$A,Source_Register!$L:$L,"NOT_FOUND") -> VERIFIED_OFFICIAL_CONTENT | R17: =_xlfn.XLOOKUP(H17,Source_Register!$A:$A,Source_Register!$K:$K,"NOT_FOUND") -> Various (2011-2026) | S17: =IF(OR(M2="NOT_FOUND",N2="NOT_FOUND",O2="NOT_FOUND",P2="NOT_FOUND",Q2="NOT_FOUND",R2="NOT_FOUND"),"NEEDS_REVIEW","MATCHED") -> MATCHED
A18: CHL-BIO-002 | B18: BIO-IND-PLANT-884 | C18: 2012-2020 (updated) | D18: Flowering plant species richness | E18: 884 | F18: species | G18: Chilika Lagoon, shoreline & uninhabited islands | H18: BIO-CDA-006 | I18: VERIFIED_OFFICIAL | J18: historical_observation | L18: 537 genera, 130 families; 80 species first reported by Tripathy et al. 2020 | M18: =_xlfn.XLOOKUP(H18,Source_Register!$A:$A,Source_Register!$B:$B,"NOT_FOUND") -> Chilika Development Authority | N18: =_xlfn.XLOOKUP(H18,Source_Register!$A:$A,Source_Register!$C:$C,"NOT_FOUND") -> CDA Ecology & Biodiversity / Floral / Faunal pages | O18: =_xlfn.XLOOKUP(H18,Source_Register!$A:$A,Source_Register!$E:$E,"NOT_FOUND") -> https://www.chilika.com/chilika-ecology-and-biodiversity.php | P18: =_xlfn.XLOOKUP(H18,Source_Register!$A:$A,Source_Register!$H:$H,"NOT_FOUND") -> Floral, Faunal, Birds, Dolphins, Seagrass, Fisheries sections | Q18: =_xlfn.XLOOKUP(H18,Source_Register!$A:$A,Source_Register!$L:$L,"NOT_FOUND") -> VERIFIED_OFFICIAL_CONTENT | R18: =_xlfn.XLOOKUP(H18,Source_Register!$A:$A,Source_Register!$K:$K,"NOT_FOUND") -> Various (2011-2026) | S18: =IF(OR(M2="NOT_FOUND",N2="NOT_FOUND",O2="NOT_FOUND",P2="NOT_FOUND",Q2="NOT_FOUND",R2="NOT_FOUND"),"NEEDS_REVIEW","MATCHED") -> MATCHED
A19: CHL-BIO-002 | B19: BIO-IND-PLANT-748 | C19: earlier RPRC | D19: Angiosperm species (RPRC record) | E19: 748 | F19: species | G19: Chilika | H19: BIO-CDA-006 | I19: HISTORICAL_REFERENCE | J19: historical_observation | L19: Regional Plant Resource Centre, Bhubaneswar; superseded by 884 update | M19: =_xlfn.XLOOKUP(H19,Source_Register!$A:$A,Source_Register!$B:$B,"NOT_FOUND") -> Chilika Development Authority | N19: =_xlfn.XLOOKUP(H19,Source_Register!$A:$A,Source_Register!$C:$C,"NOT_FOUND") -> CDA Ecology & Biodiversity / Floral / Faunal pages | O19: =_xlfn.XLOOKUP(H19,Source_Register!$A:$A,Source_Register!$E:$E,"NOT_FOUND") -> https://www.chilika.com/chilika-ecology-and-biodiversity.php | P19: =_xlfn.XLOOKUP(H19,Source_Register!$A:$A,Source_Register!$H:$H,"NOT_FOUND") -> Floral, Faunal, Birds, Dolphins, Seagrass, Fisheries sections | Q19: =_xlfn.XLOOKUP(H19,Source_Register!$A:$A,Source_Register!$L:$L,"NOT_FOUND") -> VERIFIED_OFFICIAL_CONTENT | R19: =_xlfn.XLOOKUP(H19,Source_Register!$A:$A,Source_Register!$K:$K,"NOT_FOUND") -> Various (2011-2026) | S19: =IF(OR(M2="NOT_FOUND",N2="NOT_FOUND",O2="NOT_FOUND",P2="NOT_FOUND",Q2="NOT_FOUND",R2="NOT_FOUND"),"NEEDS_REVIEW","MATCHED") -> MATCHED
A20: CHL-BIO-002 | B20: BIO-IND-SEAGRASS-6 | C20: post-hydrological intervention | D20: Seagrass species richness | E20: 6 | F20: species | G20: Chilika Lagoon (central, southern, outer channel) | H20: BIO-CDA-006 | I20: VERIFIED_OFFICIAL | J20: needs_review | L20: Halophila ovalis, H. ovata, H. beccarii, Halodule pinifolia, H. uninervis, Ruppia maritima | M20: =_xlfn.XLOOKUP(H20,Source_Register!$A:$A,Source_Register!$B:$B,"NOT_FOUND") -> Chilika Development Authority | N20: =_xlfn.XLOOKUP(H20,Source_Register!$A:$A,Source_Register!$C:$C,"NOT_FOUND") -> CDA Ecology & Biodiversity / Floral / Faunal pages | O20: =_xlfn.XLOOKUP(H20,Source_Register!$A:$A,Source_Register!$E:$E,"NOT_FOUND") -> https://www.chilika.com/chilika-ecology-and-biodiversity.php | P20: =_xlfn.XLOOKUP(H20,Source_Register!$A:$A,Source_Register!$H:$H,"NOT_FOUND") -> Floral, Faunal, Birds, Dolphins, Seagrass, Fisheries sections | Q20: =_xlfn.XLOOKUP(H20,Source_Register!$A:$A,Source_Register!$L:$L,"NOT_FOUND") -> VERIFIED_OFFICIAL_CONTENT | R20: =_xlfn.XLOOKUP(H20,Source_Register!$A:$A,Source_Register!$K:$K,"NOT_FOUND") -> Various (2011-2026) | S20: =IF(OR(M2="NOT_FOUND",N2="NOT_FOUND",O2="NOT_FOUND",P2="NOT_FOUND",Q2="NOT_FOUND",R2="NOT_FOUND"),"NEEDS_REVIEW","MATCHED") -> MATCHED
A21: CHL-BIO-002 | B21: BIO-IND-PHYTO-326 | C21: 2011-2013 | D21: Phytoplankton species richness | E21: 326 | F21: species | G21: Chilika Lagoon | H21: BIO-CDA-004 | I21: VERIFIED_HISTORICAL | J21: historical_observation | L21: Diatoms 155, Dinoflagellates 49, Green algae 41, Blue-green 45, Euglenoids 32, Silicoflagellates 4 | M21: =_xlfn.XLOOKUP(H21,Source_Register!$A:$A,Source_Register!$B:$B,"NOT_FOUND") -> Chilika Development Authority | N21: =_xlfn.XLOOKUP(H21,Source_Register!$A:$A,Source_Register!$C:$C,"NOT_FOUND") -> CDA Annual Report 2011-13 | O21: =_xlfn.XLOOKUP(H21,Source_Register!$A:$A,Source_Register!$E:$E,"NOT_FOUND") -> https://www.chilika.com/documents/publication_1395326938.pdf | P21: =_xlfn.XLOOKUP(H21,Source_Register!$A:$A,Source_Register!$H:$H,"NOT_FOUND") -> Biodiversity-related sections if any | Q21: =_xlfn.XLOOKUP(H21,Source_Register!$A:$A,Source_Register!$L:$L,"NOT_FOUND") -> SEARCHED_LIMITED_BIODIVERSITY | R21: =_xlfn.XLOOKUP(H21,Source_Register!$A:$A,Source_Register!$K:$K,"NOT_FOUND") -> 2011-13 | S21: =IF(OR(M2="NOT_FOUND",N2="NOT_FOUND",O2="NOT_FOUND",P2="NOT_FOUND",Q2="NOT_FOUND",R2="NOT_FOUND"),"NEEDS_REVIEW","MATCHED") -> MATCHED
A22: CHL-BIO-002 | B22: BIO-IND-NALABANA-AREA | C22: ongoing | D22: Nalabana Island / Sanctuary area | E22: 15.52 | F22: km² | G22: Nalabana | H22: BIO-CDA-006 | I22: VERIFIED_OFFICIAL | J22: observation | L22: Sanctuary status since 1987; major waterbird congregation area | M22: =_xlfn.XLOOKUP(H22,Source_Register!$A:$A,Source_Register!$B:$B,"NOT_FOUND") -> Chilika Development Authority | N22: =_xlfn.XLOOKUP(H22,Source_Register!$A:$A,Source_Register!$C:$C,"NOT_FOUND") -> CDA Ecology & Biodiversity / Floral / Faunal pages | O22: =_xlfn.XLOOKUP(H22,Source_Register!$A:$A,Source_Register!$E:$E,"NOT_FOUND") -> https://www.chilika.com/chilika-ecology-and-biodiversity.php | P22: =_xlfn.XLOOKUP(H22,Source_Register!$A:$A,Source_Register!$H:$H,"NOT_FOUND") -> Floral, Faunal, Birds, Dolphins, Seagrass, Fisheries sections | Q22: =_xlfn.XLOOKUP(H22,Source_Register!$A:$A,Source_Register!$L:$L,"NOT_FOUND") -> VERIFIED_OFFICIAL_CONTENT | R22: =_xlfn.XLOOKUP(H22,Source_Register!$A:$A,Source_Register!$K:$K,"NOT_FOUND") -> Various (2011-2026) | S22: =IF(OR(M2="NOT_FOUND",N2="NOT_FOUND",O2="NOT_FOUND",P2="NOT_FOUND",Q2="NOT_FOUND",R2="NOT_FOUND"),"NEEDS_REVIEW","MATCHED") -> MATCHED
A23: CHL-BIO-002 | B23: BIO-IND-FIN-317 | C23: 1916-2014 (Mohanty 2015) | D23: Finfish species (Mohanty et al. 2015 checklist) | E23: 317 | F23: species | G23: Chilika Lake | H23: BIO-CDA-006 | I23: HISTORICAL_INVENTORY | J23: historical_observation | L23: 207 genera, 88 families, 23 orders; different from 336 in 2018 monograph – keep both | M23: =_xlfn.XLOOKUP(H23,Source_Register!$A:$A,Source_Register!$B:$B,"NOT_FOUND") -> Chilika Development Authority | N23: =_xlfn.XLOOKUP(H23,Source_Register!$A:$A,Source_Register!$C:$C,"NOT_FOUND") -> CDA Ecology & Biodiversity / Floral / Faunal pages | O23: =_xlfn.XLOOKUP(H23,Source_Register!$A:$A,Source_Register!$E:$E,"NOT_FOUND") -> https://www.chilika.com/chilika-ecology-and-biodiversity.php | P23: =_xlfn.XLOOKUP(H23,Source_Register!$A:$A,Source_Register!$H:$H,"NOT_FOUND") -> Floral, Faunal, Birds, Dolphins, Seagrass, Fisheries sections | Q23: =_xlfn.XLOOKUP(H23,Source_Register!$A:$A,Source_Register!$L:$L,"NOT_FOUND") -> VERIFIED_OFFICIAL_CONTENT | R23: =_xlfn.XLOOKUP(H23,Source_Register!$A:$A,Source_Register!$K:$K,"NOT_FOUND") -> Various (2011-2026) | S23: =IF(OR(M2="NOT_FOUND",N2="NOT_FOUND",O2="NOT_FOUND",P2="NOT_FOUND",Q2="NOT_FOUND",R2="NOT_FOUND"),"NEEDS_REVIEW","MATCHED") -> MATCHED
A24: CHL-BIO-002 | B24: BIO-IND-TOTAL-383 | C24: Mohapatra et al. 2015 | D24: Finfish + shellfish combined checklist | E24: 383 | F24: species | G24: Chilika Lake | H24: BIO-CDA-006 | I24: HISTORICAL_INVENTORY | J24: reference | L24: Do not replace 336+66; different source/year | M24: =_xlfn.XLOOKUP(H24,Source_Register!$A:$A,Source_Register!$B:$B,"NOT_FOUND") -> Chilika Development Authority | N24: =_xlfn.XLOOKUP(H24,Source_Register!$A:$A,Source_Register!$C:$C,"NOT_FOUND") -> CDA Ecology & Biodiversity / Floral / Faunal pages | O24: =_xlfn.XLOOKUP(H24,Source_Register!$A:$A,Source_Register!$E:$E,"NOT_FOUND") -> https://www.chilika.com/chilika-ecology-and-biodiversity.php | P24: =_xlfn.XLOOKUP(H24,Source_Register!$A:$A,Source_Register!$H:$H,"NOT_FOUND") -> Floral, Faunal, Birds, Dolphins, Seagrass, Fisheries sections | Q24: =_xlfn.XLOOKUP(H24,Source_Register!$A:$A,Source_Register!$L:$L,"NOT_FOUND") -> VERIFIED_OFFICIAL_CONTENT | R24: =_xlfn.XLOOKUP(H24,Source_Register!$A:$A,Source_Register!$K:$K,"NOT_FOUND") -> Various (2011-2026) | S24: =IF(OR(M2="NOT_FOUND",N2="NOT_FOUND",O2="NOT_FOUND",P2="NOT_FOUND",Q2="NOT_FOUND",R2="NOT_FOUND"),"NEEDS_REVIEW","MATCHED") -> MATCHED

Sheet Source_Register
A1: source_id | B1: institution | C1: document_title | D1: publication_year | E1: official_url | F1: file_name | G1: download_date | H1: pages_used | I1: data_extracted | J1: geographic_scope | K1: time_period | L1: status | M1: notes
A2: BIO-CDA-001 | B2: Chilika Development Authority | C2: CDA Health Report Card 2021-22 | D2: 2022/2023 | E2: https://www.chilika.com/ | F2: CDA_Health_Report_Card_2021_22.pdf | G2: 2026-08-18 | H2: Threshold + Biodiversity + Fishing cat sections | I2: MSY, commercial spp desired=45, size thresholds, grades, fishing cat 176, dolphin/bird thresholds | J2: Chilika Lagoon | K2: 2021-22 | L2: VERIFIED_PRIMARY
A3: BIO-CDA-002 | B3: Chilika Development Authority | C3: CDA Health Report Card 2023-24 | D3: 2024 | E3: https://www.chilika.com/ | F3: CDA Health Report(2023-24).pdf | G3: 2026-08-18 | H3: Results / grades | I3: Overall grade B+ | J3: Chilika Lagoon | K3: 2023-24 | L3: VERIFIED_PRIMARY
A4: BIO-CDA-003 | B4: ICAR-CIFRI & CDA | C4: Fish and Shellfish Diversity and Its Sustainable Management in Chilika Lake | D4: 2018 | E4: https://www.chilika.com/documents/publication_1564535640.pdf | F4: CDA_Fish_Shellfish_Diversity_2018.pdf | G4: 2026-08-18 | H4: Checklist + conservation status | I4: 336 finfish, 66 shellfish, threatened counts | J4: Chilika Lake | K4: up to 2016 (pub 2018) | L4: VERIFIED_PRIMARY | M4: Do not label as 2026 inventory
A5: BIO-CDA-004 | B5: Chilika Development Authority | C5: CDA Annual Report 2011-13 | D5: 2013 | E5: https://www.chilika.com/documents/publication_1395326938.pdf | F5: CDA_Annual_Report_2011_13.pdf | G5: 2026-08-18 | H5: Biodiversity-related sections if any | I5: Cross-referenced; limited new species counts | J5: Chilika | K5: 2011-13 | L5: SEARCHED_LIMITED_BIODIVERSITY
A6: BIO-CDA-005 | B6: Chilika Development Authority | C6: CDA Ecology & Biodiversity / Bird / Plant / Biodiversity web pages | D6: Current | E6: https://www.chilika.com/chilika-ecology-and-biodiversity.php etc. | F6: — | G6: 2026-08-18 | H6: — | I6: Live fetch timed out from this environment | J6: Chilika | K6: Current | L6: PENDING_LIVE_FETCH | M6: User may re-provide page captures or PDFs for 2026 bird count (11,32,200) and 2025 dolphin (15) if available
A7: BIO-OFD-001 | B7: Odisha Forest Department | C7: Working Plan – Checklist of Birds in Chilika Lake | D7: — | E7: https://odishaforest.in/admin/data/documents/div_working_plan_file_1628084390.pdf | F7: — | G7: 2026-08-18 | H7: — | I7: Download timed out | J7: Chilika | K7: — | L7: PENDING_DOWNLOAD | M7: Priority for resident/migrant status checklist
A8: BIO-CDA-006 | B8: Chilika Development Authority | C8: CDA Ecology & Biodiversity / Floral / Faunal pages | D8: Current (content includes 2026 bird estimate) | E8: https://www.chilika.com/chilika-ecology-and-biodiversity.php | F8: — | G8: 2026-08-18 | H8: Floral, Faunal, Birds, Dolphins, Seagrass, Fisheries sections | I8: 2026 bird count 11,32,200; 222 avifauna; conservation breakdown; 884 plants; 6 seagrasses; fish checklists; dolphin 2025=15 (flagged) | J8: Chilika Lagoon / Nalabana | K8: Various (2011-2026) | L8: VERIFIED_OFFICIAL_CONTENT | M8: Content extracted from official CDA page text provided; live page previously timed out
A9: BIO-CDA-007 | B9: Chilika Development Authority | C9: CDA Environment / Dolphin research | D9: — | E9: https://www.chilika.com/environments.php | F9: — | G9: 2026-08-18 | H9: Dolphin section | I9: 2013 dolphin estimate 152 | J9: Chilika | K9: 2013 | L9: VERIFIED_HISTORICAL
A10: BIO-CDA-008 | B10: Chilika Development Authority | C10: CDA Official Bird Inventory page | D10: Current | E10: https://www.chilika.com/page.php?pid=bird | F10: — | G10: 2026-08-18 | H10: Species table (Common Name / Species Name / Status) | I10: Partial extract SI.No 1–11; full list exists on page | J10: Chilika | K10: Current | L10: VERIFIED_OFFICIAL_PARTIAL | M10: Status: R / M / R/SM. Full page extraction pending additional screenshots.
A11: BIO-OFD-2025 | B11: Principal Chief Conservator of Forests & Head of Forest Force, Odisha | C11: Highlights of Odisha Forestry Sector 2025 | D11: 2025 | E11: Official state forestry publication | F11: publication_file_1151142053.pdf | G11: 2026-08-18 | H11: pp.55 (birds), 58 (dolphins), 177-182 (CDA section) | I11: Primary official source for 2025 bird & dolphin census figures | J11: Chilika + statewide | K11: 2025 | L11: VERIFIED_OFFICIAL | M11: Resolves previous PENDING dolphin figure
